{
  "schemaVersion": 1,
  "id": "lithium",
  "version": "0.13.1",
  "name": "Lithium",
  "description": "Lithium is a free and open-source optimization mod for Minecraft which makes a wide range of performance improvements to the game.",
  "authors": [
    "JellySquid", "2No2Name"
  ],
  "contact": {
    "homepage": "https://jellysquid.me/projects/\",\"sources\":\"https://github.com/CaffeineMC/lithium-fabric",
    "issues": "https://github.com/CaffeineMC/lithium-fabric/issues"
  },
  "license": "LGPL-3.0",
  "icon": "assets/lithium/icon.png",
  "environment": "*",
  "entrypoints": {
    "main": [
      "me.jellysquid.mods.lithium.Main"
    ]
  },
  "mixins": [
    "client.mixins.json"
  ],
  "depends": {
    "fabricloader": ">=${loader_version}",
    "fabric": "*",
    "minecraft": "~1.21"
  },
  "recommends": {
    "sodium": "*"
  },
  "conflicts": {
    "slight-gui-modifications": "*",
    "vulkanmod": "*"
  },
  "custom": {
    "modmenu": {
      "links": {
      }
    }
  }
}
